Code,Occupation,Rank,Probability,Label
29-1125,Recreational Therapists,1,0.0028,
49-1011,"First-Line Supervisors of Mechanics, Installers, and Repairers",2,0.003,
11-9161,Emergency Management Directors,3,0.003,
21-1023,Mental Health and Substance Abuse Social Workers,4,0.0031,
29-1181,Audiologists,5,0.0033,
29-1122,Occupational Therapists,6,0.0035,
29-2091,Orthotists and Prosthetists,7,0.0035,
21-1022,Healthcare Social Workers,8,0.0035,
29-1022,Oral and Maxillofacial Surgeons,9,0.0036,
33-1021,First-Line Supervisors of Fire Fighting and Prevention Workers,10,0.0036,
29-1031,Dietitians and Nutritionists,11,0.0039,
11-9081,Lodging Managers,12,0.0039,
27-2032,Choreographers,13,0.004,
41-9031,Sales Engineers,14,0.0041,
29-1060,Physicians and Surgeons,15,0.0042,0.0
25-9031,Instructional Coordinators,16,0.0042,
19-3039,"Psychologists, All Other",17,0.0043,
33-1012,First-Line Supervisors of Police and Detectives,18,0.0044,
29-1021,"Dentists, General",19,0.0044,0.0
25-2021,"Elementary School Teachers, Except Special Education",20,0.0044,
19-1042,"Medical Scientists, Except Epidemiologists",21,0.0045,
11-9032,"Education Administrators, Elementary and Secondary School",22,0.0046,
29-1081,Podiatrists,23,0.0046,
19-3031,"Clinical, Counseling, and School Psychologists",24,0.0047,
21-1014,Mental Health Counselors,25,0.0048,
51-6092,Fabric and Apparel Patternmakers,26,0.0049,
27-1027,Set and Exhibit Designers,27,0.0055,
11-3121,Human Resources Managers,28,0.0055,
39-9032,Recreation Workers,29,0.0061,
11628,Training and Development Managers,30,0.0063,
29-1127,Speech-Language Pathologists,31,0.0064,
15-1121,Computer Systems Analysts,32,0.0065,
11-9151,Social and Community Service Managers,33,0.0067,0.0
25-4012,Curators,34,0.0068,
29-9091,Athletic Trainers,35,0.0071,
11-9111,Medical and Health Services Managers,36,0.0073,
25-2011,"Preschool Teachers, Except Special Education",37,0.0074,0.0
25-9021,Farm and Home Management Advisors,38,0.0075,
19-3091,Anthropologists and Archeologists,39,0.0077,
25-2054,"Special Education Teachers, Secondary School",40,0.0077,
25-2031,"Secondary School Teacher, Except Special and Career/ Technical Education",41,0.0078,
21-2011,Clergy,42,0.0081,0.0
19-1032,Foresters,43,0.0081,
21-1012,"Educational, Guidance, School, and Vocational Counselors",44,0.0085,
25-2032,"Career/Technical Education Teachers, Secondary School",45,0.0088,
29-1111,Registered Nurses,46,0.009000000000000001,0.0
21-1015,Rehabilitation Counselors,47,0.0094,
25-3999,"Teachers and Instructors, All Other",48,0.0095,
19-4092,Forensic Science Technicians,49,0.0095,
39-5091,"Makeup Artists, Theatrical and Performance",50,0.01,
17-2121,Marine Engineers and Naval Architects,51,0.01,
11-9033,"Education Administrators, Postsecondary",52,0.01,
17-2141,Mechanical Engineers,53,0.011000000000000001,
29-1051,Pharmacists,54,0.012,
13-1081,Logisticians,55,0.012,
19-1022,Microbiologists,56,0.012,
19-3032,Industrial-Organizational Psychologists,57,0.012,
27-2022,Coaches and Scouts,58,0.013000000000000001,
11-2022,Sales Managers,59,0.013000000000000001,
19-2043,Hydrologists,60,0.013999999999999999,
11-2021,Marketing Managers,61,0.013999999999999999,
21-1013,Marriage and Family Therapists,62,0.013999999999999999,0.0
17-2199,"Engineers, All Other",63,0.013999999999999999,
13-1151,Training and Development Specialists,64,0.013999999999999999,
43-1011,First-Line Supervisors of Office and Administrative Support Workers,65,0.013999999999999999,
19-1029,"Biological Scientists, All Other",66,0.015,
11-2031,Public Relations and Fundraising Managers,67,0.015,
27-1014,Multimedia Artists and Animators,68,0.015,
15-1111,Computer and Information Research Scientists,69,0.015,
11-1011,Chief Executives,70,0.015,0.0
11-9031,"Education Administrators, Preschool and Childcare Cen- ter/Program",71,0.015,0.0
27-2041,Music Directors and Composers,72,0.015,
51-1011,First-Line Supervisors of Production and Operating Workers,73,0.016,
41-3031,"Securities, Commodities, and Financial Services Sales Agents",74,0.016,
19-1031,Conservation Scientists,75,0.016,
25-2053,"Special Education Teachers, Middle School",76,0.016,
17-2041,Chemical Engineers,77,0.017,
11-9041,Architectural and Engineering Managers,78,0.017,
17-2011,Aerospace Engineers,79,0.017,
11-9121,Natural Sciences Managers,80,0.018000000000000002,
17-2081,Environmental Engineers,81,0.018000000000000002,
17-1011,"Architects, Except Landscape and Naval",82,0.018000000000000002,
31-2021,Physical Therapist Assistants,83,0.018000000000000002,
17-2051,Civil Engineers,84,0.019,0.0
29-1199,"Health Diagnosing and Treating Practitioners, All Other",85,0.02,
19-1013,Soil and Plant Scientists,86,0.021,
19-2032,Materials Scientists,87,0.021,
17-2131,Materials Engineers,88,0.021,
27-1022,Fashion Designers,89,0.021,0.0
29-1123,Physical Therapists,90,0.021,
27-4021,Photographers,91,0.021,
27-2012,Producers and Directors,92,0.022000000000000002,
27-1025,Interior Designers,93,0.022000000000000002,
29-1023,Orthodontists,94,0.023,
27-1011,Art Directors,95,0.023,
33-1011,First-Line Supervisors of Correctional OÔ¨Écers,96,0.025,
21-2021,"Directors, Religious Activities and Education",97,0.025,
17-2072,"Electronics Engineers, Except Computer",98,0.025,
19-1021,Biochemists and Biophysicists,99,0.027000000000000003,
29-1011,Chiropractors,100,0.027000000000000003,
31-2011,Occupational Therapy Assistants,101,0.027999999999999997,
21-1021,"Child, Family, and School Social Workers",102,0.027999999999999997,
17-2111,"Health and Safety Engineers, Except Mining Safety Engineers and Inspectors",103,0.027999999999999997,
17-2112,Industrial Engineers,104,0.028999999999999998,
53-1031,First-Line Supervisors of Transportation and Material-Moving Machine and Vehicle Operators,105,0.028999999999999998,
29-2056,Veterinary Technologists and Technicians,106,0.028999999999999998,
11-3051,Industrial Production Managers,107,0.03,
17-3026,Industrial Engineering Technicians,108,0.03,
15-1142,Network and Computer Systems Administrators,109,0.03,
15-1141,Database Administrators,110,0.03,
11-3061,Purchasing Managers,111,0.03,
25-1000,Postsecondary Teachers,112,0.032,
19-2041,"Environmental Scientists and Specialists, Including Health",113,0.033,
21-1011,Substance Abuse and Behavioral Disorder Counselors,114,0.033,0.0
23-1011,Lawyers,115,0.035,0.0
27-1012,Craft Artists,116,0.035,
15-2031,Operations Research Analysts,117,0.035,
11-3021,Computer and Information Systems Managers,118,0.035,
27-1021,Commercial and Industrial Designers,119,0.037000000000000005,
17-2031,Biomedical Engineers,120,0.037000000000000005,
13-1121,"Meeting, Convention, and Event Planners",121,0.037000000000000005,0.0
29-1131,Veterinarians,122,0.038,
27-3043,Writers and Authors,123,0.038,
11-2011,Advertising and Promotions Managers,124,0.039,
19-3094,Political Scientists,125,0.039,
13-2071,Credit Counselors,126,0.04,
19-3099,"Social Scientists and Related Workers, All Other",127,0.04,
19-2011,Astronomers,128,0.040999999999999995,
53-5031,Ship Engineers,129,0.040999999999999995,
15-1132,"Software Developers, Applications",130,0.042,
27-1013,"Fine Artists, Including Painters, Sculptors, and Illustrators",131,0.042,
29-2053,Psychiatric Technicians,132,0.043,
17-1012,Landscape Architects,133,0.045,0.0
21-1091,Health Educators,134,0.045,
15-2021,Mathematicians,135,0.047,
27-1023,Floral Designers,136,0.047,
11-9013,"Farmers, Ranchers, and Other Agricultural Managers",137,0.047,
33-2022,Forest Fire Inspectors and Prevention Specialists,138,0.048,
29-2041,Emergency Medical Technicians and Paramedics,139,0.049,
27-3041,Editors,140,0.055,
29-1024,Prosthodontists,141,0.055,
29-9799,"Healthcare Practitioners and Technical Workers, All Other",142,0.055,0.0
39-7012,Travel Guides,143,0.057,
29-2061,Licensed Practical and Licensed Vocational Nurses,144,0.057999999999999996,
19-3041,Sociologists,145,0.059000000000000004,
23-1022,"Arbitrators, Mediators, and Conciliators",146,0.06,
19-1011,Animal Scientists,147,0.061,
39-9041,Residential Advisors,148,0.064,
53-1011,Aircraft Cargo Handling Supervisors,149,0.066,
29-1126,Respiratory Therapists,150,0.066,
27-3021,Broadcast News Analysts,151,0.067,
11-3031,Financial Managers,152,0.069,
17-2161,Nuclear Engineers,153,0.07,
11-9021,Construction Managers,154,0.071,
27-2042,Musicians and Singers,155,0.07400000000000001,
41-1012,First-Line Supervisors of Non-Retail Sales Workers,156,0.075,
39-1021,First-Line Supervisors of Personal Service Workers,157,0.076,
19-1012,Food Scientists and Technologists,158,0.077,
13-1041,Compliance OÔ¨Écers,159,0.08,0.0
33-3031,Fish and Game Wardens,160,0.08,
27-1024,Graphic Designers,161,0.08199999999999999,
11-9051,Food Service Managers,162,0.083,
39-9011,Childcare Workers,163,0.084,0.0
39-9031,Fitness Trainers and Aerobics Instructors,164,0.085,
11-9071,Gaming Managers,165,0.091,
49-9051,Electrical Power-Line Installers and Repairers,166,0.09699999999999999,
33-3051,Police and SheriÔ¨Ä‚Äôs Patrol OÔ¨Écers,167,0.098,
41-3041,Travel Agents,168,0.099,
35-1011,Chefs and Head Cooks,169,0.1,0.0
39-2011,Animal Trainers,170,0.1,
27-3011,Radio and Television Announcers,171,0.1,
17-2071,Electrical Engineers,172,0.1,0.0
19-2031,Chemists,173,0.1,
29-2054,Respiratory Therapy Technicians,174,0.1,
19-2012,Physicists,175,0.1,0.0
39-5012,"Hairdressers, Hairstylists, and Cosmetologists",176,0.11,0.0
27-3022,Reporters and Correspondents,177,0.11,
53-2021,Air Traffic Controllers,178,0.11,
27-2031,Dancers,179,0.13,
29-2033,Nuclear Medicine Technologists,180,0.13,
15-1133,"Software Developers, Systems Software",181,0.13,
13-1111,Management Analysts,182,0.13,
29-2051,Dietetic Technicians,183,0.13,
19-3051,Urban and Regional Planners,184,0.13,
21-1093,Social and Human Service Assistants,185,0.13,
25-3021,Self-Enrichment Education Teachers,186,0.13,
27-4014,Sound Engineering Technicians,187,0.13,
29-1041,Optometrists,188,0.14,
17-2151,"Mining and Geological Engineers, Including Mining Safety Engineers",189,0.14,
29-1071,Physician Assistants,190,0.14,
25-2012,"Kindergarten Teachers, Except Special Education",191,0.15,
47-2111,Electricians,192,0.15,
17-2171,Petroleum Engineers,193,0.16,
43-9031,Desktop Publishers,194,0.16,
11-1021,General and Operations Managers,195,0.16,
29-9011,Occupational Health and Safety Specialists,196,0.17,
33-2011,FireÔ¨Åghters,197,0.17,
13-2061,Financial Examiners,198,0.17,
47-1011,First-Line Supervisors of Construction Trades and Extraction Workers,199,0.17,
25-2022,"Middle School Teachers, Except Special and Career/Technical Education",200,0.17,
27-3031,Public Relations Specialists,201,0.18,
49-9092,Commercial Divers,202,0.18,
49-9095,Manufactured Building and Mobile Home Installers,203,0.18,
53-2011,"Airline Pilots, Copilots, and Flight Engineers",204,0.18,
25-3011,Adult Basic and Secondary Education and Literacy Teachers And Instructors,205,0.19,
19-1041,Epidemiologists,206,0.2,
39-4831,"Funeral Service Managers, Directors, Morticians, and Undertakers",207,0.2,
15-1179,"Information Security Analysts, Web Developers, and Com- puter Network Architects",208,0.21,
15-2011,Actuaries,209,0.21,
33-9011,Animal Control Workers,210,0.21,
39-6012,Concierges,211,0.21,0.0
15-1799,"Computer Occupations, All Other",212,0.22,
15-2041,Statisticians,213,0.22,
17-2061,Computer Hardware Engineers,214,0.22,
19-3022,Survey Researchers,215,0.23,
13-1199,"Business Operations Specialists, All Other",216,0.23,
13-2051,Financial Analysts,217,0.23,
29-2037,Radiologic Technologists and Technicians,218,0.23,
29-2031,Cardiovascular Technologists and Technicians,219,0.23,
13-1011,"Agents and Business Managers of Artists, Performers, and Athletes",220,0.24,
17-3029,"Engineering Technicians, Except Drafters, All Other",221,0.24,
19-3092,Geographers,222,0.25,
29-9012,Occupational Health and Safety Technicians,223,0.25,
21-1092,Probation OÔ¨Écers and Correctional Treatment Specialists,224,0.25,
17-3025,Environmental Engineering Technicians,225,0.25,
11-9199,"Managers, All Other",226,0.25,
53-3011,"Ambulance Drivers and Attendants, Except Emergency Medical Technicians",227,0.25,
41-4011,"Sales Representatives, Wholesale and Manufacturing, Technical and Scientific Products",228,0.25,
25-2023,"Career/Technical Education Teachers, Middle School",229,0.26,
53-5021,"Captains, Mates, and Pilots of Water Vessels",230,0.27,
31-2012,Occupational Therapy Aides,231,0.27,
49-9062,Medical Equipment Repairers,232,0.27,
41-1011,First-Line Supervisors of Retail Sales Workers,233,0.28,
27-2021,Athletes and Sports Competitors,234,0.28,0.0
39-1011,Gaming Supervisors,235,0.28,
39-5094,Skincare Specialists,236,0.29,
13-1022,"Wholesale and Retail Buyers, Except Farm Products",237,0.29,
19-4021,Biological Technicians,238,0.3,
31-9092,Medical Assistants,239,0.3,
19-1023,Zoologists and Wildlife Biologists,240,0.3,0.0
35-2013,"Cooks, Private Household",241,0.3,
13-1078,"Human Resources, Training, and Labor Relations Specialists, All Other",242,0.31,
33-9021,Private Detectives and Investigators,243,0.31,
27-4032,Film and Video Editors,244,0.31,
13-2099,"Financial Specialists, All Other",245,0.33,
33-3021,Detectives and Criminal Investigators,246,0.34,
29-2055,Surgical Technologists,247,0.34,
29-1124,Radiation Therapists,248,0.34,
47-2152,"Plumbers, PipeÔ¨Åtters, and SteamÔ¨Åtters",249,0.35,0.0
53-2031,Flight Attendants,250,0.35,0.0
29-2032,Diagnostic Medical Sonographers,251,0.35,
33-3011,BailiÔ¨Äs,252,0.36,
51-4012,"Computer Numerically Controlled Machine Tool Program- mers, Metal and Plastic",253,0.36,
49-2022,"Telecommunications Equipment Installers and Repairers, Except Line Installers",254,0.36,
51-9051,"Furnace, Kiln, Oven, Drier, and Kettle Operators and Tenders",255,0.37,
53-7061,Cleaners of Vehicles and Equipment,256,0.37,
39-4021,Funeral Attendants,257,0.37,
47-5081,Helpers-Extraction Workers,258,0.37,
27-2011,Actors,259,0.37,
53-7111,Mine Shuttle Car Operators,260,0.37,
49-2095,"Electrical and Electronics Repairers, Powerhouse, Substation, And Relay",261,0.38,
17-1022,Surveyors,262,0.38,1.0
17-3027,Mechanical Engineering Technicians,263,0.38,
53-7064,"Packers and Packagers, Hand",264,0.38,
27-3091,Interpreters and Translators,265,0.38,
31-1011,Home Health Aides,266,0.39,
51-6093,Upholsterers,267,0.39,
47-4021,Elevator Installers and Repairers,268,0.39,
43-3041,Gaming Cage Workers,269,0.39,
25-9011,Audio-Visual and Multimedia Collections Specialists,270,0.39,
23-1023,"Judges, Magistrate Judges, and Magistrates",271,0.4,0.0
49-3042,"Mobile Heavy Equipment Mechanics, Except Engines",272,0.4,
29-2799,"Health Technologists and Technicians, All Other",273,0.4,
45-2041,"Graders and Sorters, Agricultural Products",274,0.41,
51-2041,Structural Metal Fabricators and Fitters,275,0.41,
23-1012,Judicial Law Clerks,276,0.41,1.0
49-2094,"Electrical and Electronics Repairers, Commercial and Industrial Equipment",277,0.41,
19-4093,Forest and Conservation Technicians,278,0.42,
53-1021,"First-Line Supervisors of Helpers, Laborers, and Material Movers, Hand",279,0.42,
39-3093,"Locker Room, Coatroom, and Dressing Room Attendants",280,0.43,
19-2099,"Physical Scientists, All Other",281,0.43,
19-3011,Economists,282,0.43,0.0
19-3093,Historians,283,0.44,
51-9082,Medical Appliance Technicians,284,0.45,
43-4031,"Court, Municipal, and License Clerks",285,0.46,
13-1141,"Compensation, BeneÔ¨Åts, and Job Analysis Specialists",286,0.47,
31-1013,Psychiatric Aides,287,0.47,
29-2012,Medical and Clinical Laboratory Technicians,288,0.47,
33-2021,Fire Inspectors and Investigators,289,0.48,
17-3021,Aerospace Engineering and Operations Technicians,290,0.48,
27-1026,Merchandise Displayers and Window Trimmers,291,0.48,
47-5031,"Explosives Workers, Ordnance Handling Experts, and Blasters",292,0.48,
15-1131,Computer Programmers,293,0.48,
33-9091,Crossing Guards,294,0.49,
17-2021,Agricultural Engineers,295,0.49,
47-5061,"Roof Bolters, Mining",296,0.49,
49-9052,Telecommunications Line Installers and Repairers,297,0.49,
43-5031,"Police, Fire, and Ambulance Dispatchers",298,0.49,
53-7033,"Loading Machine Operators, Underground Mining",299,0.5,
49-9799,"Installation, Maintenance, and Repair Workers, All Other",300,0.5,
23-2091,Court Reporters,301,0.5,
41-9011,Demonstrators and Product Promoters,302,0.51,
31-9091,Dental Assistants,303,0.51,
51-6041,Shoe and Leather Workers and Repairers,304,0.52,
17-3011,Architectural and Civil Drafters,305,0.52,
47-5012,"Rotary Drill Operators, Oil and Gas",306,0.53,
47-4041,Hazardous Materials Removal Workers,307,0.53,
39-4011,Embalmers,308,0.54,
47-5041,Continuous Mining Machine Operators,309,0.54,
39-1012,Slot Supervisors,310,0.54,
31-9011,Massage Therapists,311,0.54,
41-3011,Advertising Sales Agents,312,0.54,
49-3022,Automotive Glass Installers and Repairers,313,0.55,
53-2012,Commercial Pilots,314,0.55,
43-4051,Customer Service Representatives,315,0.55,
27-4011,Audio and Video Equipment Technicians,316,0.55,
25-9041,Teacher Assistants,317,0.56,
45-1011,"First-Line Supervisors of Farming, Fishing, and Forestry Workers",318,0.57,
19-4031,Chemical Technicians,319,0.57,
47-3015,"Helpers-Pipelayers, Plumbers, Pipefitters, and Steamfitters",320,0.57,
13-1051,Cost Estimators,321,0.57,1.0
33-3052,Transit and Railroad Police,322,0.57,
37-1012,"First-Line Supervisors of Landscaping, Lawn Service, and Groundskeeping Workers",323,0.57,
13-2052,Personal Financial Advisors,324,0.58,
49-9044,Millwrights,325,0.59,
25-4013,Museum Technicians and Conservators,326,0.59,
47-5042,Mine Cutting and Channeling Machine Operators,327,0.59,
11-3071,"Transportation, Storage, and Distribution Managers",328,0.59,0.0
49-3092,Recreational Vehicle Service Technicians,329,0.59,
49-3023,Automotive Service Technicians and Mechanics,330,0.59,
33-3012,Correctional OÔ¨Écers and Jailers,331,0.6,
27-4031,"Camera Operators, Television, Video, and Motion Picture",332,0.6,
51-3023,Slaughterers and Meat Packers,333,0.6,
49-2096,"Electronic Equipment Installers and Repairers, Motor Vehicles",334,0.61,
31-2022,Physical Therapist Aides,335,0.61,
39-3092,Costume Attendants,336,0.61,
13-1161,Market Research Analysts and Marketing Specialists,337,0.61,1.0
43-4181,Reservation and Transportation Ticket Agents and Travel Clerks,338,0.61,
51-8031,Water and Wastewater Treatment Plant and System Operators,339,0.61,
19-4099,"Life, Physical, and Social Science Technicians, All Other",340,0.61,
51-3093,Food Cooking Machine Operators and Tenders,341,0.61,
51-4122,"Welding, Soldering, and Brazing Machine Setters, Operators, And Tenders",342,0.61,
53-5022,Motorboat Operators,343,0.62,1.0
47-2082,Tapers,344,0.62,
47-2151,Pipelayers,345,0.62,
19-2042,"Geoscientists, Except Hydrologists and Geographers",346,0.63,
49-9012,"Control and Valve Installers and Repairers, Except Mechanical Door",347,0.63,
31-9799,"Healthcare Support Workers, All Other",348,0.63,
35-1012,First-Line Supervisors of Food Preparation and Serving Workers,349,0.63,
47-4011,Construction and Building Inspectors,350,0.63,
51-9031,"Cutters and Trimmers, Hand",351,0.64,
49-9071,"Maintenance and Repair Workers, General",352,0.64,
23-1021,"Administrative Law Judges, Adjudicators, and Hearing Officers",353,0.64,
43-5081,Stock Clerks and Order Fillers,354,0.64,
51-8012,Power Distributors and Dispatchers,355,0.64,
47-2132,"Insulation Workers, Mechanical",356,0.64,
19-4061,Social Science Research Assistants,357,0.65,
51-4041,Machinists,358,0.65,
15-1150,Computer Support Specialists,359,0.65,
25-4021,Librarians,360,0.65,
49-2097,Electronic Home Entertainment Equipment Installers and Repairers,361,0.65,
49-9021,"Heating, Air Conditioning, and Refrigeration Mechanics and Installers",362,0.65,
53-7041,Hoist and Winch Operators,363,0.65,
37-2021,Pest Control Workers,364,0.66,
51-9198,Helpers‚ÄìProduction Workers,365,0.66,
43-9111,Statistical Assistants,366,0.66,
37-2011,"Janitors and Cleaners, Except Maids and Housekeeping Cleaners",367,0.66,
49-3051,Motorboat Mechanics and Service Technicians,368,0.66,
51-9196,"Paper Goods Machine Setters, Operators, and Tenders",369,0.67,
51-4071,Foundry Mold and Coremakers,370,0.67,
19-2021,Atmospheric and Space Scientists,371,0.67,
53-3021,"Bus Drivers, Transit and Intercity",372,0.67,1.0
33-9092,"Lifeguards, Ski Patrol, and Other Recreational Protective Service Workers",373,0.67,
49-9041,Industrial Machinery Mechanics,374,0.67,
43-5052,Postal Service Mail Carriers,375,0.68,
47-5071,"Roustabouts, Oil and Gas",376,0.68,
47-2011,Boilermakers,377,0.68,
17-3013,Mechanical Drafters,378,0.68,
29-2021,Dental Hygienists,379,0.68,
53-3033,Light Truck or Delivery Services Drivers,380,0.69,1.0
37-2012,Maids and Housekeeping Cleaners,381,0.69,0.0
51-9122,"Painters, Transportation Equipment",382,0.69,
43-4061,"Eligibility Interviewers, Government Programs",383,0.7,
49-3093,Tire Repairers and Changers,384,0.7,
51-3092,Food Batchmakers,385,0.7,
49-2091,Avionics Technicians,386,0.7,
49-3011,Aircraft Mechanics and Service Technicians,387,0.71,
53-2022,Airfield Operations Specialists,388,0.71,
51-8093,"Petroleum Pump System Operators, Refinery Operators, and Gaugers",389,0.71,
47-4799,"Construction and Related Workers, All Other",390,0.71,
29-2081,"Opticians, Dispensing",391,0.71,
51-6011,Laundry and Dry-Cleaning Workers,392,0.71,
39-3091,Amusement and Recreation Attendants,393,0.72,
31-9095,Pharmacy Aides,394,0.72,
47-3016,Helpers-Roofers,395,0.72,
53-7121,"Tank Car, Truck, and Ship Loaders",396,0.72,
49-9031,Home Appliance Repairers,397,0.72,
47-2031,Carpenters,398,0.72,
27-3012,Public Address System and Other Announcers,399,0.72,
51-6063,"Textile Knitting and Weaving Machine Setters, Operators, and Tenders",400,0.73,
11-3011,Administrative Services Managers,401,0.73,
47-2121,Glaziers,402,0.73,
51-2021,"Coil Winders, Tapers, and Finishers",403,0.73,
49-3031,Bus and Truck Mechanics and Diesel Engine Specialists,404,0.73,
49-2011,"Computer, Automated Teller, and OÔ¨Éce Machine Repairers",405,0.74,
39-9021,Personal Care Aides,406,0.74,
27-4012,Broadcast Technicians,407,0.74,
47-3013,Helpers‚ÄìElectricians,408,0.74,
11-9131,Postmasters and Mail Superintendents,409,0.75,
47-2044,Tile and Marble Setters,410,0.75,
47-2141,"Painters, Construction and Maintenance",411,0.75,
53-6061,"Transportation Attendants, Except Flight Attendants",412,0.75,
17-3022,Civil Engineering Technicians,413,0.75,1.0
49-3041,Farm Equipment Mechanics and Service Technicians,414,0.75,
25-4011,Archivists,415,0.76,
51-9011,Chemical Equipment Operators and Tenders,416,0.76,
49-2092,"Electric Motor, Power Tool, and Related Repairers",417,0.76,
45-4021,Fallers,418,0.76,
19-4091,"Environmental Science and Protection Technicians, Including Health",419,0.77,
49-9094,Locksmiths and Safe Repairers,420,0.77,
37-3013,Tree Trimmers and Pruners,421,0.77,
35-3011,Bartenders,422,0.77,
13-1023,"Purchasing Agents, Except Wholesale, Retail, and Farm Products",423,0.77,
35-9021,Dishwashers,424,0.77,1.0
45-3021,Hunters and Trappers,425,0.77,0.0
31-9093,Medical Equipment Preparers,426,0.78,
51-4031,"Cutting, Punching, and Press Machine Setters, Operators, and Tenders, Metal and Plastic",427,0.78,
43-9011,Computer Operators,428,0.78,
51-8092,Gas Plant Operators,429,0.78,
43-5053,"Postal Service Mail Sorters, Processors, and Processing Machine Operators",430,0.79,
53-3032,Heavy and Tractor-Trailer Truck Drivers,431,0.79,
39-5093,Shampooers,432,0.79,
47-2081,Drywall and Ceiling Tile Installers,433,0.79,
49-9098,"Helpers‚ÄìInstallation, Maintenance, and Repair Workers",434,0.79,
49-3052,Motorcycle Mechanics,435,0.79,
51-2011,"Aircraft Structure, Surfaces, Rigging, and Systems Assemblers",436,0.79,
45-4022,Logging Equipment Operators,437,0.79,
47-2042,"Floor Layers, Except Carpet, Wood, and Hard Tiles",438,0.79,
39-5011,Barbers,439,0.8,
47-5011,"Derrick Operators, Oil and Gas",440,0.8,
35-2011,"Cooks, Fast Food",441,0.81,1.0
43-9022,Word Processors and Typists,442,0.81,
17-3012,Electrical and Electronics Drafters,443,0.81,1.0
17-3024,Electro-Mechanical Technicians,444,0.81,
51-9192,"Cleaning, Washing, and Metal Pickling Equipment Operators and Tenders",445,0.81,
11-9141,"Property, Real Estate, and Community Association Managers",446,0.81,
43-6013,Medical Secretaries,447,0.81,
51-6021,"Pressers, Textile, Garment, and Related Materials",448,0.81,
51-2031,Engine and Other Machine Assemblers,449,0.82,
49-2098,Security and Fire Alarm Systems Installers,450,0.82,
49-9045,"Refractory Materials Repairers, Except Brickmasons",451,0.82,
39-2021,Nonfarm Animal Caretakers,452,0.82,
47-2211,Sheet Metal Workers,453,0.82,1.0
47-2072,Pile-Driver Operators,454,0.82,
47-2021,Brickmasons and Blockmasons,455,0.82,
45-3011,Fishers and Related Fishing Workers,456,0.83,
47-2221,Structural Iron and Steel Workers,457,0.83,
53-4021,"Railroad Brake, Signal, and Switch Operators",458,0.83,
53-4031,Railroad Conductors and Yardmasters,459,0.83,
35-2012,"Cooks, Institution and Cafeteria",460,0.83,
53-5011,Sailors and Marine Oilers,461,0.83,
51-9023,"Mixing and Blending Machine Setters, Operators, and Tenders",462,0.83,
47-3011,"Helpers–Brickmasons, Blockmasons, Stonemasons, and Tile and Marble Setters",463,0.83,
47-4091,Segmental Pavers,464,0.83,
47-2131,"Insulation Workers, Floor, Ceiling, and Wall",465,0.83,
51-5112,Printing Press Operators,466,0.83,
53-6031,Automotive and Watercraft Service Attendants,467,0.83,
47-4071,Septic Tank Servicers and Sewer Pipe Cleaners,468,0.83,
39-6011,Baggage Porters and Bellhops,469,0.83,
41-2012,Gaming Change Persons and Booth Cashiers,470,0.83,
51-4023,"Rolling Machine Setters, Operators, and Tenders, Metal and Plastic",471,0.83,
47-2071,"Paving, Surfacing, and Tamping Equipment Operators",472,0.83,
51-4111,Tool and Die Makers,473,0.84,
17-3023,Electrical and Electronics Engineering Technicians,474,0.84,
47-2161,Plasterers and Stucco Masons,475,0.84,
51-4192,"Layout Workers, Metal and Plastic",476,0.84,
51-4034,"Lathe and Turning Machine Tool Setters, Operators, and Tenders, Metal and Plastic",477,0.84,
33-9032,Security Guards,478,0.84,
51-6052,"Tailors, Dressmakers, and Custom Sewers",479,0.84,
53-7073,Wellhead Pumpers,480,0.84,
43-9081,Proofreaders and Copy Markers,481,0.84,
33-3041,Parking Enforcement Workers,482,0.84,
53-7062,"Laborers and Freight, Stock, and Material Movers, Hand",483,0.85,
41-4012,"Sales Representatives, Wholesale and Manufacturing, Except Technical and Scientific Products",484,0.85,
43-5041,"Meter Readers, Utilities",485,0.85,1.0
51-8013,Power Plant Operators,486,0.85,
51-8091,Chemical Plant and System Operators,487,0.85,
47-5021,"Earth Drillers, Except Oil and Gas",488,0.85,
19-4051,Nuclear Technicians,489,0.85,
43-6011,Executive Secretaries and Executive Administrative Assis- tants,490,0.86,
51-8099,"Plant and System Operators, All Other",491,0.86,
35-3041,"Food Servers, Nonrestaurant",492,0.86,
51-7041,"Sawing Machine Setters, Operators, and Tenders, Wood",493,0.86,
53-4041,Subway and Streetcar Operators,494,0.86,
31-9096,Veterinary Assistants and Laboratory Animal Caretakers,495,0.86,
51-9032,"Cutting and Slicing Machine Setters, Operators, and Tenders",496,0.86,
41-9022,Real Estate Sales Agents,497,0.86,
51-4011,"Computer-Controlled Machine Tool Operators, Metal and Plastic",498,0.86,1.0
49-9043,"Maintenance Workers, Machinery",499,0.86,
43-4021,Correspondence Clerks,500,0.86,
45-2090,Miscellaneous Agricultural Workers,501,0.87,
45-4011,Forest and Conservation Workers,502,0.87,
51-4052,"Pourers and Casters, Metal",503,0.87,
47-2041,Carpet Installers,504,0.87,
47-2142,Paperhangers,505,0.87,
13-1021,"Buyers and Purchasing Agents, Farm Products",506,0.87,
51-7021,Furniture Finishers,507,0.87,
35-2021,Food Preparation Workers,508,0.87,
47-2043,Floor Sanders and Finishers,509,0.87,
53-6021,Parking Lot Attendants,510,0.87,1.0
47-4051,Highway Maintenance Workers,511,0.87,
47-2061,Construction Laborers,512,0.88,
43-5061,"Production, Planning, and Expediting Clerks",513,0.88,
51-9141,Semiconductor Processors,514,0.88,
17-1021,Cartographers and Photogrammetrists,515,0.88,
51-4051,Metal-ReÔ¨Åning Furnace Operators and Tenders,516,0.88,
51-9012,"Separating, Filtering, Clarifying, Precipitating, and Still Machine Setters, Operators, and Tenders",517,0.88,
51-6091,"Extruding and Forming Machine Setters, Operators, and Tenders, Synthetic and Glass Fibers",518,0.88,
47-2053,Terrazzo Workers and Finishers,519,0.88,
51-4194,"Tool Grinders, Filers, and Sharpeners",520,0.88,
49-3043,Rail Car Repairers,521,0.88,
51-3011,Bakers,522,0.89,
31-9094,Medical Transcriptionists,523,0.89,1.0
47-2022,Stonemasons,524,0.89,
53-3022,"Bus Drivers, School or Special Client",525,0.89,
27-3042,Technical Writers,526,0.89,1.0
49-9096,Riggers,527,0.89,
47-4061,Rail-Track Laying and Maintenance Equipment Operators,528,0.89,
51-8021,Stationary Engineers and Boiler Operators,529,0.89,
51-6031,Sewing Machine Operators,530,0.89,1.0
53-3041,Taxi Drivers and Chauffeurs,531,0.89,1.0
43-4161,"Human Resources Assistants, Except Payroll and Timekeeping",532,0.9,1.0
29-2011,Medical and Clinical Laboratory Technologists,533,0.9,
47-2171,Reinforcing Iron and Rebar Workers,534,0.9,
47-2181,Roofers,535,0.9,
53-7021,Crane and Tower Operators,536,0.9,
53-6041,Traffic Technicians,537,0.9,
53-6051,Transportation Inspectors,538,0.9,
51-4062,"Patternmakers, Metal and Plastic",539,0.9,
51-9195,"Molders, Shapers, and Casters, Except Metal and Plastic",540,0.9,
13-2021,Appraisers and Assessors of Real Estate,541,0.9,
53-7072,"Pump Operators, Except Wellhead Pumpers",542,0.9,
49-9097,Signal and Track Switch Repairers,543,0.9,
39-3012,Gaming and Sports Book Writers and Runners,544,0.91,
49-9063,Musical Instrument Repairers and Tuners,545,0.91,
39-7011,Tour Guides and Escorts,546,0.91,
49-9011,Mechanical Door Repairers,547,0.91,
51-3091,"Food and Tobacco Roasting, Baking, and Drying Machine Operators and Tenders",548,0.91,
53-7071,Gas Compressor and Gas Pumping Station Operators,549,0.91,
29-2071,Medical Records and Health Information Technicians,550,0.91,
51-9121,"Coating, Painting, and Spraying Machine Setters, Operators and Tenders",551,0.91,
51-4081,"Multiple Machine Tool Setters, Operators, and Tenders, Metal and Plastic",552,0.91,
53-4013,"Rail Yard Engineers, Dinkey Operators, and Hostlers",553,0.91,
49-2093,"Electrical and Electronics Installers and Repairers, Trans- portation Equipment",554,0.91,
35-9011,Dining Room and Cafeteria Attendants and Bartender Helpers,555,0.91,
51-4191,"Heat Treating Equipment Setters, Operators, and Tenders, Metal and Plastic",556,0.91,
19-4041,Geological and Petroleum Technicians,557,0.91,
49-3021,Automotive Body and Related Repairers,558,0.91,
51-7032,"Patternmakers, Wood",559,0.91,
51-4021,"Extruding and Drawing Machine Setters, Operators, and Tenders, Metal and Plastic",560,0.91,
43-9071,"Office Machine Operators, Except Computer",561,0.92,
29-2052,Pharmacy Technicians,562,0.92,
43-4131,Loan Interviewers and Clerks,563,0.92,
53-7031,Dredge Operators,564,0.92,
41-3021,Insurance Sales Agents,565,0.92,
51-7011,Cabinetmakers and Bench Carpenters,566,0.92,
51-9123,"Painting, Coating, and Decorating Workers",567,0.92,
47-4031,Fence Erectors,568,0.92,
51-4193,"Plating and Coating Machine Setters, Operators, and Tenders Metal and Plastic",569,0.92,
41-2031,Retail Salespersons,570,0.92,
35-3021,"Combined Food Preparation and Serving Workers, Including Fast Food",571,0.92,
51-9399,"Production Workers, All Other",572,0.92,
47-3012,Helpers-Carpenters,573,0.92,
51-9193,Cooling and Freezing Equipment Operators and Tenders,574,0.93,
51-2091,Fiberglass Laminators and Fabricators,575,0.93,
47-5013,"Service Unit Operators, Oil, Gas, and Mining",576,0.93,
53-7011,Conveyor Operators and Tenders,577,0.93,
49-3053,Outdoor Power Equipment and Other Small Engine Mechanics,578,0.93,
53-4012,Locomotive Firers,579,0.93,
53-7063,Machine Feeders and Offbearers,580,0.93,
51-4061,"Model Makers, Metal and Plastic",581,0.93,
49-2021,"Radio, Cellular, and Tower Equipment Installers and Repairs",582,0.93,
51-3021,Butchers and Meat Cutters,583,0.93,
51-9041,"Extruding, Forming, Pressing, and Compacting Machine Setters, Operators, and Tenders",584,0.93,
53-7081,Refuse and Recyclable Material Collectors,585,0.93,
13-2081,"Tax Examiners and Collectors, and Revenue Agents",586,0.93,1.0
51-4022,"Forging Machine Setters, Operators, and Tenders, Metal and Plastic",587,0.93,
53-7051,Industrial Truck and Tractor Operators,588,0.93,1.0
13-2011,Accountants and Auditors,589,0.94,1.0
51-4032,"Drilling and Boring Machine Tool Setters, Operators, and Tenders, Metal and Plastic",590,0.94,
43-9051,"Mail Clerks and Mail Machine Operators, Except Postal Service",591,0.94,
35-3031,Waiters and Waitresses,592,0.94,0.0
51-3022,"Meat, Poultry, and Fish Cutters and Trimmers",593,0.94,
13-2031,Budget Analysts,594,0.94,
47-2051,Cement Masons and Concrete Finishers,595,0.94,
49-3091,Bicycle Repairers,596,0.94,
49-9091,"Coin, Vending, and Amusement Machine Servicers and Re- pairers",597,0.94,
51-4121,"Welders, Cutters, Solderers, and Brazers",598,0.94,
43-5021,Couriers and Messengers,599,0.94,1.0
43-4111,"Interviewers, Except Eligibility and Loan",600,0.94,
35-2015,"Cooks, Short Order",601,0.94,
53-7032,Excavating and Loading Machine and Dragline Operators,602,0.94,
47-3014,"Helpers-Painters, Paperhangers, Plasterers, and Stucco Masons",603,0.94,
43-4081,"Hotel, Motel, and Resort Desk Clerks",604,0.94,
51-9197,Tire Builders,605,0.94,
41-9091,"Door-to-Door Sales Workers, News and Street Vendors, and Related Workers",606,0.94,
37-1011,First-Line Supervisors of Housekeeping and Janitorial Workers,607,0.94,
45-2011,Agricultural Inspectors,608,0.94,
23-2011,Paralegals and Legal Assistants,609,0.94,1.0
39-5092,Manicurists and Pedicurists,610,0.95,
43-5111,"Weighers, Measurers, Checkers, and Samplers, Recordkeeping",611,0.95,
51-6062,"Textile Cutting Machine Setters, Operators, and Tenders",612,0.95,
43-3011,Bill and Account Collectors,613,0.95,
51-8011,Nuclear Power Reactor Operators,614,0.95,
33-9031,Gaming Surveillance OÔ¨Écers and Gaming Investigators,615,0.95,
43-4121,"Library Assistants, Clerical",616,0.95,
47-2073,Operating Engineers and Other Construction Equipment Operators,617,0.95,
51-5113,Print Binding and Finishing Workers,618,0.95,
45-2021,Animal Breeders,619,0.95,
51-4072,"Molding, Coremaking, and Casting Machine Setters, Operators, and Tenders, Metal and Plastic",620,0.95,
51-2022,Electrical and Electronic Equipment Assemblers,621,0.95,1.0
51-9191,Adhesive Bonding Machine Operators and Tenders,622,0.95,
37-3011,Landscaping and Groundskeeping Workers,623,0.95,
51-4033,"Grinding, Lapping, Polishing, and BuÔ¨Éng Machine Tool Setters, Operators, and Tenders, Metal and Plastic",624,0.95,
43-5051,Postal Service Clerks,625,0.95,
51-9071,Jewelers and Precious Stone and Metal Workers,626,0.95,
43-5032,"Dispatchers, Except Police, Fire, and Ambulance",627,0.96,
43-4171,Receptionists and Information Clerks,628,0.96,
43-9061,"Office Clerks, General",629,0.96,
11-3111,Compensation and Benefits Managers,630,0.96,
43-2011,"Switchboard Operators, Including Answering Service",631,0.96,1.0
35-3022,"Counter Attendants, Cafeteria, Food Concession, and Coffee Shop",632,0.96,
47-5051,"Rock Splitters, Quarry",633,0.96,
43-6014,"Secretaries and Administrative Assistants, Except Legal, Medical, and Executive",634,0.96,
17-3031,Surveying and Mapping Technicians,635,0.96,
51-7031,"Model Makers, Wood",636,0.96,
51-6064,"Textile Winding, Twisting, and Drawing Out Machine Setters, Operators, and Tenders",637,0.96,
53-4011,Locomotive Engineers,638,0.96,
39-3011,Gaming Dealers,639,0.96,1.0
49-9093,"Fabric Menders, Except Garment",640,0.96,
35-2014,"Cooks, Restaurant",641,0.96,
39-3031,"Ushers, Lobby Attendants, and Ticket Takers",642,0.96,
43-3021,Billing and Posting Clerks,643,0.96,
53-6011,Bridge and Lock Tenders,644,0.97,
51-7042,"Woodworking Machine Setters, Operators, and Tenders, Except Sawing",645,0.97,
51-2092,Team Assemblers,646,0.97,
51-6042,Shoe Machine Operators and Tenders,647,0.97,
51-2023,Electromechanical Equipment Assemblers,648,0.97,
13-1074,Farm Labor Contractors,649,0.97,1.0
51-6061,Textile Bleaching and Dyeing Machine Operators and Tenders,650,0.97,
51-9081,Dental Laboratory Technicians,651,0.97,
51-9021,"Crushing, Grinding, and Polishing Machine Setters, Opera- tors, and Tenders ",652,0.97,
51-9022,"Grinding and Polishing Workers, Hand",653,0.97,
37-3012,"Pesticide Handlers, Sprayers, and Applicators, Vegetation",654,0.97,
45-4023,Log Graders and Scalers,655,0.97,
51-9083,Ophthalmic Laboratory Technicians,656,0.97,
41-2011,Cashiers,657,0.97,1.0
49-9061,Camera and Photographic Equipment Repairers,658,0.97,
39-3021,Motion Picture Projectionists,659,0.97,
51-5111,Prepress Technicians and Workers,660,0.97,
41-2021,Counter and Rental Clerks,661,0.97,
43-4071,File Clerks,662,0.97,1.0
41-9021,Real Estate Brokers,663,0.97,
43-2021,Telephone Operators,664,0.97,
19-4011,Agricultural and Food Science Technicians,665,0.97,
43-3051,Payroll and Timekeeping Clerks,666,0.97,
43-4041,"Credit Authorizers, Checkers, and Clerks",667,0.97,1.0
35-9031,"Hosts and Hostesses, Restaurant, Lounge, and Coffee Shop ",668,0.97,
41-9012,Models,669,0.98,
51-9061,"Inspectors, Testers, Sorters, Samplers, and Weighers",670,0.98,
43-3031,"Bookkeeping, Accounting, and Auditing Clerks",671,0.98,
43-6012,Legal Secretaries,672,0.98,
27-4013,Radio Operators,673,0.98,
53-3031,Driver/Sales Workers,674,0.98,
13-1031,"Claims Adjusters, Examiners, and Investigators",675,0.98,1.0
41-2022,Parts Salespersons,676,0.98,
13-2041,Credit Analysts,677,0.98,1.0
51-4035,"Milling and Planing Machine Setters, Operators, and Tenders, Metal and Plastic",678,0.98,
43-5071,"Shipping, Receiving, and Traffic Clerks",679,0.98,
43-3061,Procurement Clerks,680,0.98,
51-9111,Packaging and Filling Machine Operators and Tenders,681,0.98,
51-9194,Etchers and Engravers,682,0.98,
43-3071,Tellers,683,0.98,
27-2023,"Umpires, Referees, and Other Sports OÔ¨Écials",684,0.98,
13-1032,"Insurance Appraisers, Auto Damage",685,0.98,
13-2072,Loan OÔ¨Écers,686,0.98,1.0
43-4151,Order Clerks,687,0.98,
43-4011,Brokerage Clerks,688,0.98,
43-9041,Insurance Claims and Policy Processing Clerks,689,0.98,
51-2093,Timing Device Assemblers and Adjusters,690,0.98,
43-9021,Data Entry Keyers,691,0.99,1.0
25-4031,Library Technicians,692,0.99,
43-4141,New Accounts Clerks,693,0.99,
51-9151,Photographic Process Workers and Processing Machine Operators,694,0.99,
13-2082,Tax Preparers,695,0.99,
43-5011,Cargo and Freight Agents,696,0.99,
49-9064,Watch Repairers,697,0.99,
13-2053,Insurance Underwriters,698,0.99,1.0
15-2091,Mathematical Technicians,699,0.99,
51-6051,"Sewers, Hand",700,0.99,
23-2093,"Title Examiners, Abstractors, and Searchers",701,0.99,
41-9041,Telemarketers,702,0.99,
